"Posição","Nome","Localidade","2006","2007","2009","2010","2011","2012","2013","2014","2015","2016","2017","2018","2019","2020","Unidade","Multiplicador"
"1","Veículo","Roraima","71081","84659","110063","125451","139090","152239","165339","178817","191053","201081","210535","219290","228983","239393","veículos",1
"1","Veículo","Maranhão","407718","481718","665431","796083","942639","1079655","1215478","1345427","1460158","1541845","1618882","1696683","1777081","1855570","veículos",1
"1","Veículo","Paraíba","415184","476455","612523","698556","794093","878860","959085","1036041","1114851","1184259","1237803","1293668","1353093","1409592","veículos",1
"1","Veículo","Rondônia","325221","371327","492485","561811","634416","700065","758308","816943","865839","905487","941218","985047","1030614","1070952","veículos",1
"1","Veículo","Pará","548540","635299","848170","969667","1109264","1265828","1428355","1585786","1723096","1827135","1918077","2013952","2120020","2229234","veículos",1
"1","Veículo","Piauí","329686","378005","501213","582777","671146","760779","855445","947605","1024415","1085009","1140791","1196192","1250493","1291415","veículos",1
"1","Veículo","Amazonas","339510","381650","474198","530814","589780","643859","700849","755763","794923","819382","846928","883083","928423","969722","veículos",1
"1","Veículo","Tocantins","246224","283295","351744","394628","437345","481846","527213","572016","612002","637236","661679","690169","721803","754206","veículos",1
"1","Veículo","Rio Grande do Norte","449753","520150","652622","731263","807874","888149","967299","1043508","1110993","1183363","1238087","1290903","1346696","1391338","veículos",1
"1","Veículo","Pernambuco","1133918","1261724","1568257","1774389","1996714","2202726","2396738","2569142","2715622","2816115","2906743","3010638","3129195","3223404","veículos",1
"1","Veículo","Rio de Janeiro","3342830","3602571","4158935","4489680","4844198","5212996","5568514","5915612","6184773","6377484","6539166","6725822","6950941","7087797","veículos",1
"1","Veículo","Rio Grande do Sul","3642038","3912010","4498431","4808503","5149420","5514581","5885383","6217960","6457517","6650259","6851105","7077972","7309131","7495615","veículos",1
"1","Veículo","Bahia","1411748","1592620","2038176","2308978","2585655","2877271","3158326","3424742","3639408","3801090","3964820","4139107","4332564","4506825","veículos",1
"1","Veículo","Espírito Santo","819759","933849","1163331","1262848","1367967","1481976","1585076","1685304","1757383","1811993","1868851","1936862","2011184","2078459","veículos",1
"1","Veículo","Santa Catarina","2413748","2670284","3147722","3414195","3679482","3940467","4201255","4445951","4623582","4772160","4947058","5152615","5384378","5583126","veículos",1
"1","Veículo","Paraná","3709222","4077232","4789454","5160354","5558521","5954243","6351183","6716094","6959319","7140439","7332525","7571122","7845577","8077413","veículos",1
"1","Veículo","Mato Grosso","724502","816276","1053299","1173125","1303902","1429712","1565739","1696945","1796054","1881794","1965605","2080848","2209898","2322156","veículos",1
"1","Veículo","Minas Gerais","4759847","5271000","6382234","7005640","7662556","8295192","8884663","9437008","9877798","10277988","10711876","11191341","11727917","12053218","veículos",1
"1","Veículo","Sergipe","266983","297682","376185","427048","480287","530207","575510","622583","661871","709682","741157","772380","806366","836822","veículos",1
"1","Veículo","Distrito Federal","884081","973949","1149696","1245521","1331933","1420971","1511110","1586169","1649563","1699682","1751704","1812473","1884920","1934210","veículos",1
"1","Veículo","São Paulo","15098096","16464703","19139118","20537980","21968359","23286890","24560202","25718248","26605042","27332101","28138698","29057749","30058975","30778960","veículos",1
"1","Veículo","Mato Grosso do Sul","658045","730574","883386","972529","1064852","1157245","1253199","1339401","1405990","1459464","1518393","1583142","1649789","1707671","veículos",1
"1","Veículo","Goiás","1559798","1762434","2195214","2428705","2679948","2929508","3169088","3386702","3545533","3657750","3773112","3909429","4054787","4203370","veículos",1
"1","Veículo","Acre","81600","95292","129911","151320","170439","188409","205777","223550","239657","251556","263841","277831","292659","306258","veículos",1
"1","Veículo","Amapá","64709","75486","99682","115323","130388","141432","152634","164945","174330","179665","186325","195039","205459","215330","veículos",1
"1","Veículo","Ceará","1047438","1183698","1492829","1711998","1947552","2166119","2384395","2596621","2778605","2909172","3025176","3148369","3283529","3395382","veículos",1
"1","Veículo","Alagoas","277978","310083","387333","438788","495715","555966","614566","671607","717559","753825","791801","834827","889900","930933","veículos",1
"1.1","Tipo",,,,,,,,,,,,,,,,"",""
"1.1.1","Automóvel","Acre","30619","35188","44900","50881","55872","61928","67461","72807","77585","80355","83333","87005","91615","95888","veículos",1
"1.1.1","Automóvel","Amapá","30060","35488","45629","51847","55557","59772","64386","69360","72881","74262","76732","80325","85529","90561","veículos",1
"1.1.1","Automóvel","Ceará","477969","519732","613058","674303","736355","808892","881571","954720","1014720","1056521","1098909","1142960","1192715","1233182","veículos",1
"1.1.1","Automóvel","Alagoas","145026","159315","189547","210119","230433","253554","275556","296274","312291","325193","340537","355700","374169","389095","veículos",1
"1.1.1","Automóvel","Roraima","23541","27265","35701","41218","45230","49321","53704","58451","63111","66722","70086","73728","78387","82922","veículos",1
"1.1.1","Automóvel","Maranhão","149135","170402","216868","248685","277467","307803","335793","361709","383061","398265","415386","436261","457104","479782","veículos",1
"1.1.1","Automóvel","Paraíba","214842","238518","284647","315236","345197","376456","407624","438071","464417","483927","504550","527465","552067","575659","veículos",1
"1.1.1","Automóvel","Bahia","749833","822411","980422","1079158","1179301","1301065","1415342","1527370","1616152","1684719","1754967","1829141","1907497","1976121","veículos",1
"1.1.1","Automóvel","Rondônia","89068","101269","133075","152911","173689","194190","212652","229994","244423","255545","266709","282439","298059","310625","veículos",1
"1.1.1","Automóvel","Pará","224097","251595","311253","345789","379045","418057","455649","492271","523936","548146","571646","599684","631396","666214","veículos",1
"1.1.1","Automóvel","Piauí","119594","132277","164232","185101","205297","230095","255114","281698","303997","322487","341656","361072","380035","393767","veículos",1
"1.1.1","Automóvel","Pernambuco","621536","669011","775308","850633","927245","1010257","1088338","1156217","1204524","1237421","1276880","1319704","1369199","1405404","veículos",1
"1.1.1","Automóvel","Amazonas","177427","198053","239310","262257","283174","304077","325698","345256","358570","366482","377799","393187","412140","428247","veículos",1
"1.1.1","Automóvel","Tocantins","86580","94414","104217","116897","129218","143847","158702","173524","186320","194009","202852","212782","223715","235519","veículos",1
"1.1.1","Automóvel","Rio Grande do Norte","225687","254192","305795","335705","362949","396831","430289","462171","489097","510192","533531","556093","579196","596307","veículos",1
"1.1.1","Automóvel","Sergipe","142273","156084","186715","205160","223526","243732","262664","282195","297379","307389","318733","329603","341946","351545","veículos",1
"1.1.1","Automóvel","Rio de Janeiro","2508319","2655626","2979383","3181686","3388777","3621367","3839651","4042234","4193776","4304384","4401662","4511484","4640402","4715404","veículos",1
"1.1.1","Automóvel","Rio Grande do Sul","2324251","2455607","2785967","2966251","3164546","3392848","3622309","3821098","3960938","4071134","4185193","4309287","4432248","4528209","veículos",1
"1.1.1","Automóvel","Distrito Federal","682929","745704","861238","924103","978813","1040026","1099719","1146312","1184570","1214589","1247360","1284710","1328622","1355430","veículos",1
"1.1.1","Automóvel","Espírito Santo","453327","505635","612038","653018","694108","747856","797528","844190","876424","900623","927681","958812","990203","1019153","veículos",1
"1.1.1","Automóvel","Santa Catarina","1437840","1566190","1832656","1982129","2127607","2281766","2428891","2560638","2655083","2733827","2827795","2934826","3053350","3148729","veículos",1
"1.1.1","Automóvel","Goiás","792682","878147","1064892","1170400","1277857","1399670","1512266","1611258","1680613","1729629","1782213","1845838","1910006","1971407","veículos",1
"1.1.1","Automóvel","Paraná","2287688","2475130","2860924","3072415","3293650","3527525","3759306","3974107","4109097","4203635","4304271","4428638","4573703","4690887","veículos",1
"1.1.1","Automóvel","Mato Grosso","264449","290395","364923","407567","450728","494835","543484","587827","620792","651065","680897","721375","764931","803042","veículos",1
"1.1.1","Automóvel","Minas Gerais","2825559","3053052","3600042","3922908","4252225","4602143","4926454","5215337","5441609","5652316","5901355","6169791","6467501","6595668","veículos",1
"1.1.1","Automóvel","São Paulo","10294811","11014104","12536177","13334875","14108047","14880771","15643415","16319980","16834630","17247124","17719258","18230138","18753364","19089286","veículos",1
"1.1.1","Automóvel","Mato Grosso do Sul","321466","346806","407750","447089","487006","533427","580821","621596","652713","677021","704169","733440","763091","788352","veículos",1
"1.1.2","Bonde","Amazonas","0","0","0","0","0","0","0","0","0","0","0","0","0","0","veículos",1
"1.1.2","Bonde","Rio Grande do Norte","0","0","0","0","0","0","0","0","0","0","0","0","0","0","veículos",1
"1.1.2","Bonde","Ceará","0","0","0","0","0","0","0","0","0","0","0","0","0","0","veículos",1
"1.1.2","Bonde","São Paulo","83","79","53","49","44","29","27","26","26","25","24","24","24","24","veículos",1
"1.1.2","Bonde","Acre","0","0","0","0","0","0","0","0","0","0","0","0","0","0","veículos",1
"1.1.2","Bonde","Tocantins","0","0","0","0","0","0","0","0","0","0","0","0","0","0","veículos",1
"1.1.2","Bonde","Sergipe","0","0","0","0","0","0","0","0","0","0","0","0","0","0","veículos",1
"1.1.2","Bonde","Paraíba","0","0","0","0","0","0","0","0","0","0","0","0","0","0","veículos",1
"1.1.2","Bonde","Roraima","0","0","0","0","0","0","0","0","0","0","0","0","0","0","veículos",1
"1.1.2","Bonde","Mato Grosso do Sul","10","10","10","10","10","10","10","10","10","10","10","10","10","10","veículos",1
"1.1.2","Bonde","Pará","0","0","0","0","0","0","0","0","0","0","0","0","0","0","veículos",1
"1.1.2","Bonde","Pernambuco","4","4","1","1","1","1","0","0","0","0","0","0","0","0","veículos",1
"1.1.2","Bonde","Mato Grosso","0","0","0","0","0","0","0","0","0","0","0","0","0","0","veículos",1
"1.1.2","Bonde","Paraná","17","18","8","7","5","5","4","4","3","3","3","3","3","3","veículos",1
"1.1.2","Bonde","Minas Gerais","5","1","0","0","0","0","0","0","0","0","0","0","0","0","veículos",1
"1.1.2","Bonde","Rondônia","0","0","0","0","0","0","0","0","0","0","0","0","0","0","veículos",1
"1.1.2","Bonde","Piauí","0","0","0","0","0","0","0","0","0","0","0","0","0","0","veículos",1
"1.1.2","Bonde","Bahia","13","13","8","7","5","3","3","3","3","3","3","3","3","3","veículos",1
"1.1.2","Bonde","Distrito Federal","11","11","9","5","2","0","0","0","0","0","0","0","0","0","veículos",1
"1.1.2","Bonde","Rio Grande do Sul","31","31","31","31","25","13","3","3","3","3","3","2","2","2","veículos",1
"1.1.2","Bonde","Rio de Janeiro","0","0","0","0","0","0","0","0","0","0","0","0","0","0","veículos",1
"1.1.2","Bonde","Maranhão","0","0","0","0","0","0","0","0","0","0","0","0","0","0","veículos",1
"1.1.2","Bonde","Alagoas","0","0","0","0","0","0","0","0","0","0","0","0","0","0","veículos",1
"1.1.2","Bonde","Amapá","0","0","0","0","0","0","0","0","0","0","0","0","0","0","veículos",1
"1.1.2","Bonde","Goiás","0","0","0","0","0","0","0","0","0","0","0","0","0","0","veículos",1
"1.1.2","Bonde","Santa Catarina","2","3","0","0","0","0","0","0","0","0","0","0","0","0","veículos",1
"1.1.2","Bonde","Espírito Santo","40","40","17","16","1","1","1","0","0","0","0","0","0","0","veículos",1
"1.1.3","Caminhão","Rondônia","16892","17868","20704","22421","24207","25636","26735","28165","29299","29982","30522","31097","31479","31861","veículos",1
"1.1.3","Caminhão","Amazonas","12319","13228","15325","16440","17718","18398","19023","19652","19883","19851","19848","19994","20452","20822","veículos",1
"1.1.3","Caminhão","Acre","3597","3932","4731","5148","5669","5988","6297","6614","6848","6968","7085","7206","7424","7727","veículos",1
"1.1.3","Caminhão","Rio Grande do Sul","155793","161035","172594","181033","190338","198113","206979","214611","219376","222940","226176","230612","236111","240248","veículos",1
"1.1.3","Caminhão","Distrito Federal","15649","16573","18323","19362","20371","21019","21801","22490","23200","23502","23657","23986","24767","25387","veículos",1
"1.1.3","Caminhão","Goiás","67549","71309","78944","83873","90175","95059","100123","105028","107535","108585","110366","112299","114546","117220","veículos",1
"1.1.3","Caminhão","Roraima","2456","2682","2957","3179","3432","3656","3881","4148","4430","4646","4884","5133","5392","5592","veículos",1
"1.1.3","Caminhão","Amapá","2397","2627","2979","3102","3245","3489","3678","3917","4018","4027","4005","4130","4227","4353","veículos",1
"1.1.3","Caminhão","Ceará","38442","40730","45996","49946","53967","57316","61047","65205","68150","70450","72249","73796","75498","76527","veículos",1
"1.1.3","Caminhão","Maranhão","16338","17991","22171","24881","28048","30604","33214","35639","37620","38994","40052","41376","42734","43985","veículos",1
"1.1.3","Caminhão","Paraíba","16748","17888","19756","21049","22739","24141","25508","27036","27858","28459","28667","28727","29099","29817","veículos",1
"1.1.3","Caminhão","Pará","29559","32301","37528","40288","43471","47021","50422","53847","56671","58622","60566","62038","63781","65676","veículos",1
"1.1.3","Caminhão","Piauí","13528","14329","16126","17356","18666","20246","22737","24771","26169","27410","28790","30119","31337","32235","veículos",1
"1.1.3","Caminhão","Bahia","64710","68835","78185","85830","93323","99905","106213","110658","113457","115164","116551","118290","122060","125376","veículos",1
"1.1.3","Caminhão","São Paulo","490455","513029","557795","582761","609154","626913","643241","658713","664617","669056","672998","678933","688249","695695","veículos",1
"1.1.3","Caminhão","Tocantins","14794","15834","17678","18728","19804","20311","20706","21520","22250","22215","22169","22379","22780","23204","veículos",1
"1.1.3","Caminhão","Rio Grande do Norte","17834","18898","21168","22478","24009","25395","27473","29335","30576","31602","32851","34343","36195","38039","veículos",1
"1.1.3","Caminhão","Alagoas","12166","12774","14062","15373","16981","17902","18949","19871","20324","20542","21028","21591","22251","22792","veículos",1
"1.1.3","Caminhão","Sergipe","12992","13431","14686","15697","17044","18244","19056","20151","20709","20833","20949","21455","21848","22313","veículos",1
"1.1.3","Caminhão","Rio de Janeiro","93644","96315","103808","110468","118644","126228","132959","138721","142222","143509","144289","144869","146171","146492","veículos",1
"1.1.3","Caminhão","Pernambuco","53496","56828","63438","68389","75090","78868","83632","88060","90702","91615","92051","93595","94502","94980","veículos",1
"1.1.3","Caminhão","Minas Gerais","205164","216009","238676","254779","271004","285123","299132","311620","318436","323729","328235","334674","343318","351962","veículos",1
"1.1.3","Caminhão","Espírito Santo","44405","47365","52000","54777","58183","61363","64749","68006","69636","70884","72046","73467","75483","76869","veículos",1
"1.1.3","Caminhão","Mato Grosso","40775","42508","47255","50046","53292","56367","59982","63688","65984","67896","69978","73176","76755","80262","veículos",1
"1.1.3","Caminhão","Santa Catarina","103236","107525","117396","123496","129152","134424","139545","144648","146819","148303","150504","152905","156946","160329","veículos",1
"1.1.3","Caminhão","Mato Grosso do Sul","32739","34198","37355","39187","41384","43392","45487","47395","48647","49759","51664","53321","54962","56555","veículos",1
"1.1.3","Caminhão","Paraná","183982","191183","204633","213380","225837","235659","246111","255475","260556","264684","268368","272586","277976","282762","veículos",1
"1.1.4","Caminhão trator","Piauí","867","917","1111","1257","1427","1601","1896","2201","2318","2373","2493","2670","2947","3315","veículos",1
"1.1.4","Caminhão trator","Rondônia","2531","2955","3744","4119","4432","4669","5123","5534","5796","6135","6410","6855","7275","7788","veículos",1
"1.1.4","Caminhão trator","Paraná","45548","48909","56932","62398","68100","71981","78966","83026","84443","86261","88176","91692","95746","99522","veículos",1
"1.1.4","Caminhão trator","Minas Gerais","28361","31373","38165","43554","48338","52301","56645","60915","63067","64745","67003","71325","78013","83120","veículos",1
"1.1.4","Caminhão trator","Pernambuco","4734","5474","6563","7430","8491","9249","9999","10718","11139","11446","11793","12192","12744","13272","veículos",1
"1.1.4","Caminhão trator","Pará","2404","2801","3540","4107","4650","5155","5808","6598","7080","7470","7943","8679","9673","10483","veículos",1
"1.1.4","Caminhão trator","Maranhão","712","791","1164","1497","1972","2425","2883","3458","3874","4140","4394","4896","5452","5963","veículos",1
"1.1.4","Caminhão trator","Mato Grosso","11912","13024","16152","17463","19464","21508","25289","27811","28587","29552","31104","34054","38042","40952","veículos",1
"1.1.4","Caminhão trator","Rio Grande do Sul","30137","32077","37052","40404","43538","46009","50431","53599","54597","55493","56965","59407","61925","64826","veículos",1
"1.1.4","Caminhão trator","Rio de Janeiro","7075","7763","9410","10780","12226","13405","14412","15271","15882","16223","16285","16874","17347","17752","veículos",1
"1.1.4","Caminhão trator","Distrito Federal","1441","1520","1965","2294","2521","2714","2997","3156","3145","3175","3210","3389","3727","3876","veículos",1
"1.1.4","Caminhão trator","Sergipe","692","776","1063","1232","1401","1587","1851","2136","2261","2368","2489","2596","2688","2855","veículos",1
"1.1.4","Caminhão trator","Tocantins","1612","1848","2694","2831","3058","3350","3753","4265","4494","4613","4748","5217","5955","6520","veículos",1
"1.1.4","Caminhão trator","Rio Grande do Norte","1096","1245","1553","1768","2006","2248","2563","2744","2921","3082","3260","3565","3834","4056","veículos",1
"1.1.4","Caminhão trator","Amazonas","1462","1593","1933","2159","2419","2540","2742","2890","2979","2998","3022","3164","3438","3820","veículos",1
"1.1.4","Caminhão trator","Espírito Santo","8768","10225","11982","13311","14604","15497","16508","17272","17225","17086","17209","18004","18952","19635","veículos",1
"1.1.4","Caminhão trator","Alagoas","1133","1189","1370","1503","1705","1859","2032","2147","2225","2278","2351","2485","2617","2829","veículos",1
"1.1.4","Caminhão trator","Amapá","169","173","180","203","229","231","248","288","296","305","332","366","388","416","veículos",1
"1.1.4","Caminhão trator","Mato Grosso do Sul","6125","6792","8284","9373","10413","11435","13009","14129","14624","15385","16350","17573","18758","20074","veículos",1
"1.1.4","Caminhão trator","Ceará","3164","3560","4335","4970","5706","6160","6627","7229","7591","7884","8314","8749","9334","9954","veículos",1
"1.1.4","Caminhão trator","Acre","248","265","375","433","489","519","574","658","753","808","837","925","1005","1133","veículos",1
"1.1.4","Caminhão trator","Santa Catarina","26829","28727","32847","35964","39093","41455","45198","48011","48607","48660","49568","52332","56460","59878","veículos",1
"1.1.4","Caminhão trator","Goiás","11327","12642","15983","18255","20437","22144","24671","26765","27699","28452","29130","30536","32641","34761","veículos",1
"1.1.4","Caminhão trator","Bahia","7065","8031","10419","12271","14281","15820","17668","19105","19689","19963","20213","21294","22773","24497","veículos",1
"1.1.4","Caminhão trator","Paraíba","1201","1287","1487","1649","1918","2098","2309","2518","2630","2632","2655","2737","2804","3013","veículos",1
"1.1.4","Caminhão trator","Roraima","199","233","282","319","369","410","461","520","569","651","731","796","885","1105","veículos",1
"1.1.4","Caminhão trator","São Paulo","71656","78728","96604","110929","124667","134270","146455","155801","159401","162501","166127","172675","182309","190333","veículos",1
"1.1.5","Caminhonete","Piauí","18061","24347","36472","41005","45943","51893","58709","66606","72632","78460","84066","89915","95552","99687","veículos",1
"1.1.5","Caminhonete","Rondônia","22148","27714","41126","47023","53501","59373","65178","72375","78206","83100","88034","93817","100591","106749","veículos",1
"1.1.5","Caminhonete","Paraná","168108","221263","340276","374979","415712","460107","508816","557488","586168","609331","632503","661091","692758","718612","veículos",1
"1.1.5","Caminhonete","Minas Gerais","214767","289385","436003","492045","552417","613155","673514","739016","783208","824024","873033","930601","999025","1048793","veículos",1
"1.1.5","Caminhonete","Mato Grosso","54830","71060","105213","116411","128413","142133","157746","174295","185951","196586","207218","222868","239328","254268","veículos",1
"1.1.5","Caminhonete","Pernambuco","45969","60345","88724","101102","113902","126974","141270","156059","164185","170087","176442","183548","192430","199610","veículos",1
"1.1.5","Caminhonete","Pará","29428","40067","60070","69275","79621","90492","100918","112933","123038","131379","140001","149713","160061","171485","veículos",1
"1.1.5","Caminhonete","Maranhão","21806","29205","46559","56159","65702","75004","83878","92859","100233","106306","112551","119404","127321","135131","veículos",1
"1.1.5","Caminhonete","Rio de Janeiro","96336","121441","183395","204251","228706","250999","274193","297851","313063","324952","334182","345912","360479","370451","veículos",1
"1.1.5","Caminhonete","Rio Grande do Sul","131500","184626","271676","298911","328528","359460","396112","435643","460921","483609","508279","535500","564037","586260","veículos",1
"1.1.5","Caminhonete","Distrito Federal","36196","45987","66543","76595","85562","93366","101023","107478","111854","116691","120921","125823","132643","138128","veículos",1
"1.1.5","Caminhonete","Sergipe","10208","13389","19453","22248","25095","28186","31106","34603","37279","39148","41315","43303","45475","47449","veículos",1
"1.1.5","Caminhonete","Tocantins","16976","23246","31898","35963","39509","43364","47716","52680","56774","59162","61835","65571","69983","73778","veículos",1
"1.1.5","Caminhonete","Rio Grande do Norte","20847","29141","43725","49124","53762","58974","64576","70805","75446","79033","82943","87437","92801","96543","veículos",1
"1.1.5","Caminhonete","Amazonas","25908","31542","46684","53907","60606","65468","70371","75961","80088","81744","84007","87082","91013","93637","veículos",1
"1.1.5","Caminhonete","Ceará","46555","63972","95982","108142","119258","131176","143953","159045","169855","177742","185097","193683","203394","211869","veículos",1
"1.1.5","Caminhonete","Acre","6311","8314","12885","14618","16139","17704","19373","21293","22932","24114","25469","26711","28031","29205","veículos",1
"1.1.5","Caminhonete","Espírito Santo","42209","56526","88069","96979","105618","116862","127755","140361","147252","153515","160448","169677","179258","186078","veículos",1
"1.1.5","Caminhonete","Goiás","82757","125642","186050","209674","232198","256634","280482","304177","318582","328183","339970","356379","374014","391389","veículos",1
"1.1.5","Caminhonete","Santa Catarina","97442","126556","193227","216228","239698","262944","289580","318271","336393","353967","374414","396447","421755","441525","veículos",1
"1.1.5","Caminhonete","São Paulo","577068","737022","1108282","1226218","1355274","1470277","1583988","1692250","1763148","1825129","1891625","1963608","2049856","2112739","veículos",1
"1.1.5","Caminhonete","Roraima","4409","7733","11666","13472","15094","16676","18319","20129","21849","23545","25538","27327","28960","30584","veículos",1
"1.1.5","Caminhonete","Paraíba","20367","28752","40102","44913","49937","55059","60627","66813","71436","74963","78599","82717","87101","91464","veículos",1
"1.1.5","Caminhonete","Alagoas","15466","20150","27426","30678","34164","37710","41142","45105","47479","49455","52180","55008","58235","60559","veículos",1
"1.1.5","Caminhonete","Bahia","78770","110133","162411","184661","207555","232418","256857","283643","303247","320768","338113","358554","381695","400565","veículos",1
"1.1.5","Caminhonete","Amapá","5803","7294","10481","11994","13572","14883","16315","18025","19123","19799","20668","21860","22847","24059","veículos",1
"1.1.5","Caminhonete","Mato Grosso do Sul","42662","55599","80844","89115","97457","107365","118480","130073","138471","145541","152990","161534","170039","176625","veículos",1
"1.1.6","Camioneta","São Paulo","799719","743996","639500","699225","776452","851860","930126","999330","1055596","1105626","1156884","1227622","1288212","1326476","veículos",1
"1.1.6","Camioneta","Maranhão","18888","15881","11767","12423","14331","16044","17607","19314","20785","21868","22876","24202","25151","26426","veículos",1
"1.1.6","Camioneta","Rio de Janeiro","181035","174355","158981","175470","196015","217110","237294","257154","272241","282937","291180","302350","314316","322182","veículos",1
"1.1.6","Camioneta","Mato Grosso do Sul","41723","32804","21458","22648","24817","27424","30180","32430","34490","36233","38381","41010","43082","44640","veículos",1
"1.1.6","Camioneta","Bahia","89082","71878","55926","61129","67437","74772","82874","90770","98406","104347","111050","118914","124187","129847","veículos",1
"1.1.6","Camioneta","Paraíba","22258","17575","13792","14918","16668","18439","20302","22321","24091","25501","26828","28253","29287","30360","veículos",1
"1.1.6","Camioneta","Acre","4821","4062","2408","2612","2875","3232","3535","3757","3969","4046","4139","4289","4415","4524","veículos",1
"1.1.6","Camioneta","Ceará","54048","45131","33165","35706","39601","43648","47495","51274","54362","56382","58475","61312","63825","65807","veículos",1
"1.1.6","Camioneta","Santa Catarina","104981","94994","73166","82028","92737","105254","118720","132502","145120","156774","170548","188415","205388","220299","veículos",1
"1.1.6","Camioneta","Espírito Santo","45120","40784","30860","33516","36774","40947","44666","48536","51552","53722","55813","59085","61568","64136","veículos",1
"1.1.6","Camioneta","Amapá","3701","3308","2662","2908","3156","3422","3714","3945","4139","4206","4369","4518","4685","4948","veículos",1
"1.1.6","Camioneta","Goiás","96084","69168","50493","53560","59312","65595","72927","80153","85555","89213","93728","99833","103673","108112","veículos",1
"1.1.6","Camioneta","Alagoas","15268","12633","10161","11249","12659","14197","15779","17218","18456","19372","20330","21538","22769","23951","veículos",1
"1.1.6","Camioneta","Rio Grande do Sul","182851","150131","117558","129487","145689","165067","185649","205544","221916","234926","249994","268744","285654","298578","veículos",1
"1.1.6","Camioneta","Distrito Federal","43771","40946","39217","43863","49241","55134","60972","66903","72931","77623","82189","87185","91584","94559","veículos",1
"1.1.6","Camioneta","Tocantins","13851","9553","6109","6229","6770","7379","8143","8948","9541","9942","10321","10982","11541","12208","veículos",1
"1.1.6","Camioneta","Sergipe","10466","9003","7254","8054","9096","10241","11227","12323","13448","14208","15192","16324","17354","18116","veículos",1
"1.1.6","Camioneta","Rio Grande do Norte","23019","19346","14602","15837","17272","19078","20943","23290","25300","26809","28417","30274","31545","33121","veículos",1
"1.1.6","Camioneta","Amazonas","22790","20963","18306","20005","21783","23395","24917","25891","26731","26951","26962","27345","27682","28090","veículos",1
"1.1.6","Camioneta","Roraima","5268","4258","2731","2874","3160","3475","3823","4187","4426","4635","4892","5100","5240","5397","veículos",1
"1.1.6","Camioneta","Rondônia","13405","10908","6570","7125","7964","8697","9411","10225","10904","11403","12094","13023","13704","14432","veículos",1
"1.1.6","Camioneta","Piauí","16368","12822","8462","8776","9719","10811","12067","13486","15083","16017","16769","17663","18198","18698","veículos",1
"1.1.6","Camioneta","Paraná","202172","177282","124140","134159","148450","166248","184386","200172","211883","220001","230245","244857","258815","270430","veículos",1
"1.1.6","Camioneta","Minas Gerais","260223","219367","164107","177196","195052","215545","236685","258602","273991","291204","309590","335713","360077","369503","veículos",1
"1.1.6","Camioneta","Pará","30685","26022","21981","23263","25582","28426","31019","33471","35618","36819","38045","39919","41645","44231","veículos",1
"1.1.6","Camioneta","Mato Grosso","42339","32264","19099","20481","23077","25817","29191","32348","34838","37337","39785","43928","47355","50966","veículos",1
"1.1.6","Camioneta","Pernambuco","64198","57215","49655","54302","60694","67170","73315","78777","82861","85657","88690","92651","94858","97411","veículos",1
"1.1.7","Chassi plataforma","Distrito Federal","189","173","165","57","41","30","21","21","22","20","20","18","18","17","veículos",1
"1.1.7","Chassi plataforma","Mato Grosso do Sul","96","96","62","58","54","47","39","39","38","35","33","33","33","33","veículos",1
"1.1.7","Chassi plataforma","Rio Grande do Sul","736","739","474","373","271","236","202","181","167","154","143","135","125","118","veículos",1
"1.1.7","Chassi plataforma","Mato Grosso","11","13","10","11","11","11","3","3","3","3","3","3","3","3","veículos",1
"1.1.7","Chassi plataforma","Paraná","508","536","360","248","180","151","112","95","85","80","75","70","68","66","veículos",1
"1.1.7","Chassi plataforma","São Paulo","2211","2192","1544","1366","1231","1141","791","694","640","628","601","587","568","566","veículos",1
"1.1.7","Chassi plataforma","Roraima","5","5","0","0","0","0","0","0","0","0","0","0","0","0","veículos",1
"1.1.7","Chassi plataforma","Paraíba","45","45","31","28","26","26","26","21","19","18","16","16","15","15","veículos",1
"1.1.7","Chassi plataforma","Bahia","633","638","366","308","269","254","218","203","196","190","185","185","185","183","veículos",1
"1.1.7","Chassi plataforma","Maranhão","104","128","104","97","88","87","86","83","81","78","70","68","67","66","veículos",1
"1.1.7","Chassi plataforma","Acre","12","13","12","12","12","12","12","10","10","10","10","10","10","10","veículos",1
"1.1.7","Chassi plataforma","Ceará","304","271","185","152","140","136","126","119","116","115","114","114","112","111","veículos",1
"1.1.7","Chassi plataforma","Amapá","17","15","14","14","13","14","14","14","14","14","14","14","14","14","veículos",1
"1.1.7","Chassi plataforma","Rio Grande do Norte","99","85","59","56","52","32","21","21","21","19","19","19","19","18","veículos",1
"1.1.7","Chassi plataforma","Alagoas","77","94","84","67","45","42","31","28","28","27","26","26","24","24","veículos",1
"1.1.7","Chassi plataforma","Amazonas","66","65","49","46","42","39","38","37","37","37","37","37","37","37","veículos",1
"1.1.7","Chassi plataforma","Goiás","164","130","113","101","89","86","68","66","63","60","57","56","57","56","veículos",1
"1.1.7","Chassi plataforma","Santa Catarina","413","426","192","142","115","96","80","71","52","43","41","37","35","32","veículos",1
"1.1.7","Chassi plataforma","Espírito Santo","184","141","90","66","44","32","19","17","16","14","13","13","12","12","veículos",1
"1.1.7","Chassi plataforma","Sergipe","41","40","31","31","29","28","23","22","22","21","21","20","20","20","veículos",1
"1.1.7","Chassi plataforma","Tocantins","7","7","8","8","9","10","4","3","3","2","2","2","2","2","veículos",1
"1.1.7","Chassi plataforma","Rio de Janeiro","131","96","75","74","72","69","63","63","61","61","60","59","58","57","veículos",1
"1.1.7","Chassi plataforma","Rondônia","15","15","16","16","17","14","10","9","8","8","8","8","8","8","veículos",1
"1.1.7","Chassi plataforma","Pernambuco","421","410","224","185","156","147","113","104","89","89","87","85","83","83","veículos",1
"1.1.7","Chassi plataforma","Pará","299","304","165","126","112","106","95","95","94","94","94","94","94","94","veículos",1
"1.1.7","Chassi plataforma","Minas Gerais","188","132","121","100","90","77","34","25","24","24","24","24","24","24","veículos",1
"1.1.7","Chassi plataforma","Piauí","103","104","66","59","53","49","42","35","33","33","33","32","31","31","veículos",1
"1.1.8","Ciclomotor","Sergipe","175","175","176","176","176","176","178","183","980","20557","23178","24653","26100","27505","veículos",1
"1.1.8","Ciclomotor","Tocantins","898","909","1138","1204","1310","1517","1630","1713","1814","1868","1882","1899","1912","1927","veículos",1
"1.1.8","Ciclomotor","Distrito Federal","417","412","519","675","810","882","928","1007","1111","1198","1219","1232","1250","1287","veículos",1
"1.1.8","Ciclomotor","Rio Grande do Sul","3875","3890","3921","3968","4085","4243","4391","4524","4798","5299","5665","6129","6662","6929","veículos",1
"1.1.8","Ciclomotor","Rio de Janeiro","534","553","616","651","1004","3942","8968","16725","27719","37732","41277","43174","44047","44284","veículos",1
"1.1.8","Ciclomotor","Rio Grande do Norte","59","59","65","413","483","493","494","573","3657","23990","25927","26606","27646","28154","veículos",1
"1.1.8","Ciclomotor","Pernambuco","761","775","947","960","1123","1126","1141","1160","20866","36214","37784","38852","39905","41426","veículos",1
"1.1.8","Ciclomotor","Pará","406","414","690","937","1416","2582","3266","3883","4753","5406","5706","5813","5881","5914","veículos",1
"1.1.8","Ciclomotor","Mato Grosso","582","588","1385","1926","3130","5341","6231","6695","7053","7384","7512","7559","7597","7618","veículos",1
"1.1.8","Ciclomotor","Amazonas","320","332","337","345","511","1102","1430","1503","1693","1915","1981","2013","2044","2062","veículos",1
"1.1.8","Ciclomotor","Paraná","7329","7315","7277","7254","7326","7395","7502","7574","7679","7889","8059","8213","8526","9118","veículos",1
"1.1.8","Ciclomotor","Minas Gerais","12368","12441","12794","13171","14255","16088","17162","18848","28749","45467","48786","49977","50623","51032","veículos",1
"1.1.8","Ciclomotor","Piauí","31","31","404","1518","3283","4368","5145","5731","6163","6456","6560","6589","6608","6623","veículos",1
"1.1.8","Ciclomotor","Rondônia","390","393","423","459","521","644","732","744","885","2281","2597","2766","2867","2974","veículos",1
"1.1.8","Ciclomotor","Amapá","57","57","56","56","383","562","710","829","880","935","944","950","952","952","veículos",1
"1.1.8","Ciclomotor","Alagoas","23","23","23","26","27","27","46","52","307","536","622","3639","9908","11761","veículos",1
"1.1.8","Ciclomotor","Goiás","1625","1685","3653","5255","8828","12685","16075","19383","23062","25642","26487","27409","28433","29418","veículos",1
"1.1.8","Ciclomotor","Santa Catarina","1421","1426","1435","1446","1476","1517","1558","1578","1623","1721","1817","1919","2203","2384","veículos",1
"1.1.8","Ciclomotor","Espírito Santo","671","673","817","830","924","1037","1100","1119","1150","1440","1480","1504","1551","1584","veículos",1
"1.1.8","Ciclomotor","Acre","10","10","10","10","21","125","225","243","262","498","576","614","630","636","veículos",1
"1.1.8","Ciclomotor","Ceará","548","584","669","679","692","696","700","708","752","4299","7179","8502","9267","9611","veículos",1
"1.1.8","Ciclomotor","Mato Grosso do Sul","852","863","906","951","1024","1159","1256","1308","1478","3320","3638","3734","3777","3798","veículos",1
"1.1.8","Ciclomotor","Bahia","177","183","284","492","1044","2942","3502","3667","4182","6088","14871","16623","17308","18006","veículos",1
"1.1.8","Ciclomotor","Maranhão","1020","1019","1788","2724","4676","6610","7879","8897","9763","10216","10406","10501","10530","10599","veículos",1
"1.1.8","Ciclomotor","São Paulo","48621","48669","48744","48805","48975","49342","49792","50147","51311","53318","54904","56140","57000","57660","veículos",1
"1.1.8","Ciclomotor","Paraíba","107","107","137","137","137","137","138","140","10165","25838","28327","29466","30134","31047","veículos",1
"1.1.8","Ciclomotor","Roraima","29","29","136","191","279","586","678","771","900","963","977","982","982","982","veículos",1
"1.1.9","Micro-ônibus","Amazonas","1849","2057","2348","2540","2839","3099","3248","3404","3469","3481","3501","3484","3563","3618","veículos",1
"1.1.9","Micro-ônibus","Distrito Federal","5399","5091","4531","4591","4666","4731","4924","5189","5347","5501","5692","5896","6171","6340","veículos",1
"1.1.9","Micro-ônibus","Piauí","1322","1466","1652","1806","2015","2288","2606","2890","3152","3369","3732","4064","4365","4480","veículos",1
"1.1.9","Micro-ônibus","Rondônia","478","523","648","743","862","943","1008","1103","1165","1204","1231","1279","1356","1423","veículos",1
"1.1.9","Micro-ônibus","Pará","2910","3519","4440","4816","5244","5602","5927","6200","6404","6581","6609","6682","6881","7115","veículos",1
"1.1.9","Micro-ônibus","Rio Grande do Sul","12541","13334","14605","15397","16557","17503","18509","19506","20044","20361","20741","21239","21803","22077","veículos",1
"1.1.9","Micro-ônibus","São Paulo","67931","72196","82893","89639","96779","102443","107706","113446","116617","118291","119244","121007","124166","125744","veículos",1
"1.1.9","Micro-ônibus","Roraima","247","285","379","422","460","506","563","609","636","647","683","695","727","745","veículos",1
"1.1.9","Micro-ônibus","Mato Grosso","1631","1707","1974","2173","2368","2652","2880","3159","3311","3410","3507","3657","3953","4084","veículos",1
"1.1.9","Micro-ônibus","Acre","119","132","157","175","229","257","290","325","341","351","360","366","380","410","veículos",1
"1.1.9","Micro-ônibus","Paraíba","1602","1964","2557","2904","3301","3588","3981","4205","4391","4528","4656","4791","4973","5189","veículos",1
"1.1.9","Micro-ônibus","Espírito Santo","3368","3865","4745","5241","5762","6268","6875","7308","7690","7873","8016","8248","8607","8797","veículos",1
"1.1.9","Micro-ônibus","Maranhão","2124","2307","3051","3319","3639","3883","4096","4300","4514","4652","4804","4948","5266","5383","veículos",1
"1.1.9","Micro-ônibus","Ceará","4578","5165","6365","7118","7881","8493","9454","10412","11054","11488","11971","12347","12816","12952","veículos",1
"1.1.9","Micro-ônibus","Goiás","3807","4301","5173","5721","6372","7027","7737","8494","8924","9232","9577","9952","10316","10607","veículos",1
"1.1.9","Micro-ônibus","Bahia","10033","11367","14469","16515","19010","21160","23639","25164","26357","27365","28552","29254","30323","31001","veículos",1
"1.1.9","Micro-ônibus","Santa Catarina","6842","7216","8045","8677","9401","10003","10464","11050","11422","11688","11901","12166","12599","13072","veículos",1
"1.1.9","Micro-ônibus","Alagoas","2839","3241","3974","4408","4835","5027","5407","5793","6040","6201","6385","6667","7027","7088","veículos",1
"1.1.9","Micro-ônibus","Mato Grosso do Sul","1410","1539","1937","2180","2450","2757","3089","3347","3498","3613","3771","3961","4149","4236","veículos",1
"1.1.9","Micro-ônibus","Amapá","185","200","287","312","355","384","411","450","454","463","459","458","471","483","veículos",1
"1.1.9","Micro-ônibus","Pernambuco","5981","8062","9381","10540","12278","13829","15372","16782","17792","18197","18602","18906","19456","19969","veículos",1
"1.1.9","Micro-ônibus","Rio Grande do Norte","2689","2913","3273","3474","3719","3963","4288","4575","4770","4921","5047","5125","5341","5484","veículos",1
"1.1.9","Micro-ônibus","Rio de Janeiro","23595","25188","27957","29689","32414","34297","35834","37418","38428","38550","38273","38671","39797","40350","veículos",1
"1.1.9","Micro-ônibus","Paraná","10594","11745","13756","14970","16358","17663","19041","20035","21136","21858","22088","22875","23842","24556","veículos",1
"1.1.9","Micro-ônibus","Minas Gerais","19353","21737","26924","29584","33002","36174","39069","41588","43346","44514","45814","47041","48554","49610","veículos",1
"1.1.9","Micro-ônibus","Tocantins","1172","1278","1140","1253","1305","1342","1448","1536","1601","1601","1610","1624","1634","1695","veículos",1
"1.1.9","Micro-ônibus","Sergipe","1979","2085","2355","2486","2660","2880","3062","3213","3371","3385","3409","3436","3510","3597","veículos",1
"1.1.10","Motocicleta","Roraima","26762","32343","43426","49420","55016","59993","64676","69088","72614","75528","77944","79940","81727","83752","veículos",1
"1.1.10","Motocicleta","Acre","27203","33320","51082","62008","71742","79261","86048","93402","100151","105766","111462","117656","123340","128341","veículos",1
"1.1.10","Motocicleta","Maranhão","158636","196449","295711","367351","452721","527680","601923","672240","735765","781186","821118","856073","891154","922538","veículos",1
"1.1.10","Motocicleta","Amapá","17203","20322","29543","35652","43196","46862","50326","53872","57179","59562","62022","64681","67462","69704","veículos",1
"1.1.10","Motocicleta","Pará","167905","204365","306874","364912","435576","511914","593828","671043","739193","792245","834538","874928","917072","955644","veículos",1
"1.1.10","Motocicleta","Rondônia","130251","151521","210287","241370","273004","298733","319337","339780","356835","370172","381743","394027","406738","417880","veículos",1
"1.1.10","Motocicleta","Amazonas","65522","77531","105229","123708","144445","163132","183987","205629","221639","233300","244350","257183","272676","287936","veículos",1
"1.1.10","Motocicleta","Tocantins","70751","86943","121981","138925","155546","170452","184135","196993","209392","218287","225355","232602","240017","246886","veículos",1
"1.1.10","Motocicleta","São Paulo","2021632","2424315","3048682","3322544","3603776","3811101","3978276","4133366","4268872","4378772","4493255","4634274","4809244","4951261","veículos",1
"1.1.10","Motocicleta","Piauí","130498","156623","224729","270551","320272","365238","410745","452641","487980","514885","537035","557690","577784","592923","veículos",1
"1.1.10","Motocicleta","Ceará","356975","425963","586565","706301","838004","943067","1045078","1139182","1224519","1282954","1327944","1377096","1429534","1471737","veículos",1
"1.1.10","Motocicleta","Paraíba","115652","141969","209305","250152","298051","335084","366699","396472","425069","448904","469196","489799","511372","529817","veículos",1
"1.1.10","Motocicleta","Paraná","532920","632101","794498","858295","922232","971925","1011274","1045883","1076577","1101224","1128674","1162696","1201269","1233733","veículos",1
"1.1.10","Motocicleta","Espírito Santo","159340","191876","260471","291250","324540","351954","373365","392784","409617","421358","432467","444653","459955","473835","veículos",1
"1.1.10","Motocicleta","Mato Grosso","203802","243287","338723","381243","426603","462515","495288","527887","555692","577776","597999","621442","647352","668018","veículos",1
"1.1.10","Motocicleta","Minas Gerais","953731","1149831","1515804","1682276","1858361","1992166","2106326","2213379","2308174","2379738","2447853","2520486","2599932","2672812","veículos",1
"1.1.10","Motocicleta","Rio Grande do Norte","128515","158627","216043","249672","283708","312913","340918","366858","389422","407333","423707","438525","453318","465983","veículos",1
"1.1.10","Motocicleta","Rio Grande do Sul","558987","639379","771199","822935","875946","921575","959339","992150","1019079","1039618","1059042","1082200","1106714","1126818","veículos",1
"1.1.10","Motocicleta","Rio de Janeiro","303508","372064","505088","566794","633695","690998","748356","808975","858526","889919","918026","950025","992931","1019594","veículos",1
"1.1.10","Motocicleta","Distrito Federal","67814","82095","111588","124520","136300","145291","154277","162850","171048","176768","182428","189662","198792","207026","veículos",1
"1.1.10","Motocicleta","Sergipe","68080","78967","112040","134273","157203","175072","190159","205773","219618","231233","241509","252037","262864","272991","veículos",1
"1.1.10","Motocicleta","Santa Catarina","454961","520589","615436","659428","701517","733187","763019","792076","815722","833005","851217","872731","897363","918651","veículos",1
"1.1.10","Motocicleta","Pernambuco","282324","338287","484849","577278","676295","756609","828291","891645","941796","975136","1004935","1039988","1080040","1111448","veículos",1
"1.1.10","Motocicleta","Goiás","343743","407134","532149","590438","653831","701514","743879","779983","810136","832876","854527","876554","900740","924296","veículos",1
"1.1.10","Motocicleta","Alagoas","64469","75508","107566","127498","151070","175784","199317","222799","243002","258885","273309","288847","307810","322628","veículos",1
"1.1.10","Motocicleta","Bahia","322448","393146","589892","699071","808734","909410","1002208","1087674","1157861","1206652","1248065","1293820","1347157","1395335","veículos",1
"1.1.10","Motocicleta","Mato Grosso do Sul","147567","175555","227004","252583","278515","297043","313390","328492","340715","349551","358848","369495","381229","390423","veículos",1
"1.1.11","Motoneta","Roraima","6874","8312","10755","11981","13345","14635","15922","17192","18349","19218","19825","20307","20800","21403","veículos",1
"1.1.11","Motoneta","Paraíba","14924","19867","29530","34299","40500","45922","51069","55340","59590","62306","64778","67748","71324","74670","veículos",1
"1.1.11","Motoneta","Rio Grande do Norte","19799","23846","30157","33899","37902","42200","46263","49868","53097","56633","59184","61923","65178","68041","veículos",1
"1.1.11","Motoneta","Rio de Janeiro","58451","72105","95785","105224","114928","123144","132301","143224","151746","157050","162918","169950","179234","185598","veículos",1
"1.1.11","Motoneta","Amazonas","16916","19800","25396","28647","32936","36883","41914","46366","49881","52096","54460","57667","62091","66498","veículos",1
"1.1.11","Motoneta","Maranhão","31241","38789","54374","64540","76321","88822","104430","119721","133820","142653","150802","158899","168485","177905","veículos",1
"1.1.11","Motoneta","São Paulo","320110","383655","480841","530436","588221","644480","696663","751108","795579","828036","864997","908868","961787","1006524","veículos",1
"1.1.11","Motoneta","Bahia","42644","52735","76919","90661","104697","119502","137465","153540","166684","174850","182345","192733","206363","219693","veículos",1
"1.1.11","Motoneta","Rio Grande do Sul","81903","99974","123070","133059","143922","154300","163911","171633","177316","181090","184952","190135","196011","201271","veículos",1
"1.1.11","Motoneta","Piauí","24015","29072","40135","46198","53646","61351","70891","79509","86587","91123","94916","99004","103331","106795","veículos",1
"1.1.11","Motoneta","Rondônia","39369","46001","59924","67231","75421","84171","92619","100796","107679","112533","116635","121783","127561","132605","veículos",1
"1.1.11","Motoneta","Acre","6910","8087","10719","12341","13872","15422","17336","19093","20878","22189","23628","25632","27792","29560","veículos",1
"1.1.11","Motoneta","Ceará","37744","47336","64998","76638","90464","103964","118664","131508","143139","150790","157912","166362","176502","185713","veículos",1
"1.1.11","Motoneta","Paraná","120122","147792","187914","204738","221182","235865","248776","260881","271160","278234","286351","296790","309374","320424","veículos",1
"1.1.11","Motoneta","Minas Gerais","89841","112529","148664","166292","186895","205390","224198","242782","257972","268287","278961","291267","305864","319086","veículos",1
"1.1.11","Motoneta","Alagoas","9669","11942","16798","19376","22416","25760","29344","32519","35079","36682","38259","40279","43028","45285","veículos",1
"1.1.11","Motoneta","Mato Grosso","66973","80147","106426","118113","131676","144594","159691","177262","191695","202532","212898","226857","243698","257420","veículos",1
"1.1.11","Motoneta","Amapá","3791","4481","5853","6913","7996","8649","9358","10292","11052","11578","12020","12643","13424","14034","veículos",1
"1.1.11","Motoneta","Tocantins","31356","39237","50281","55529","61062","67189","73809","79842","85569","89035","91845","95195","98902","102435","veículos",1
"1.1.11","Motoneta","Distrito Federal","5805","7369","10037","11171","12461","13531","14595","15955","17120","17748","18591","19618","20912","21840","veículos",1
"1.1.11","Motoneta","Sergipe","10156","12792","18757","21994","25910","29524","32803","35683","38060","39819","41482","43952","47106","50191","veículos",1
"1.1.11","Motoneta","Pará","41777","51622","71987","82174","95070","111108","130277","148153","163724","173766","182354","191756","203681","216179","veículos",1
"1.1.11","Motoneta","Pernambuco","24026","30620","45210","53885","64281","74188","83264","90654","96219","99703","103461","109052","116415","123086","veículos",1
"1.1.11","Motoneta","Mato Grosso do Sul","36845","46205","59969","67389","74844","81361","88341","94959","100209","103349","106706","110674","115922","120422","veículos",1
"1.1.11","Motoneta","Espírito Santo","27115","36552","53437","60502","68894","76520","83426","90213","96011","99461","103097","107412","113699","119757","veículos",1
"1.1.11","Motoneta","Santa Catarina","93339","121343","158840","177681","198099","215265","231372","245408","254299","259824","265643","274280","283752","291896","veículos",1
"1.1.11","Motoneta","Goiás","86504","109050","146788","163560","182642","200119","218623","236080","250645","259973","268802","278440","289732","300276","veículos",1
"1.1.12","Ônibus","Paraíba","3268","3481","3933","4460","4997","5434","6520","6822","7002","7061","7444","7580","7723","8016","veículos",1
"1.1.12","Ônibus","Roraima","389","439","591","662","714","756","825","901","994","1020","1125","1141","1217","1279","veículos",1
"1.1.12","Ônibus","Rio Grande do Norte","3384","3599","4216","4548","4852","5392","5716","6069","6349","6585","6930","7149","7574","7674","veículos",1
"1.1.12","Ônibus","São Paulo","102322","109745","121105","126880","134659","140654","145166","150518","153113","155317","156750","159712","164507","167544","veículos",1
"1.1.12","Ônibus","Amazonas","4783","5155","5827","6300","7380","8046","8517","8822","8787","8765","8764","8981","9292","9727","veículos",1
"1.1.12","Ônibus","Pernambuco","10021","10598","12372","13666","15294","16493","17903","18575","19009","19106","19423","20015","20678","20978","veículos",1
"1.1.12","Ônibus","Pará","6936","7637","9245","10306","11806","13274","14414","15863","16980","17493","17960","18572","19165","19984","veículos",1
"1.1.12","Ônibus","Piauí","2453","2673","3083","3397","3847","4394","5295","5726","6152","6468","7048","7829","8295","8548","veículos",1
"1.1.12","Ônibus","Rondônia","2345","2603","3251","3609","4213","4571","4876","5082","5422","5708","5953","6164","6354","6710","veículos",1
"1.1.12","Ônibus","Maranhão","3408","3716","4424","4813","5650","6283","6868","7422","8028","8472","8882","9258","9727","10026","veículos",1
"1.1.12","Ônibus","Acre","439","460","518","583","676","734","921","1010","1044","1047","1126","1159","1228","1348","veículos",1
"1.1.12","Ônibus","Ceará","7746","8176","9535","10512","11841","12761","14014","14970","15920","16567","17347","17772","18346","18615","veículos",1
"1.1.12","Ônibus","Santa Catarina","12877","13444","14497","15271","16007","16807","17606","18408","18702","18922","19491","19837","20412","21036","veículos",1
"1.1.12","Ônibus","Espírito Santo","10151","10879","11773","12129","12932","13133","13555","14549","14616","14581","14519","14859","15272","15383","veículos",1
"1.1.12","Ônibus","Amapá","459","483","543","639","741","857","917","1052","1123","1176","1198","1217","1245","1412","veículos",1
"1.1.12","Ônibus","Alagoas","3401","3613","4099","4562","5210","5631","6098","6504","6819","7157","7406","7730","8348","8623","veículos",1
"1.1.12","Ônibus","Goiás","12107","12876","15421","16289","17346","18308","19507","20572","21495","22037","22568","23088","23789","24169","veículos",1
"1.1.12","Ônibus","Bahia","19432","21002","24625","27051","29507","31256","34421","36088","37629","38180","39167","39818","41613","42597","veículos",1
"1.1.12","Ônibus","Mato Grosso do Sul","4595","4990","5970","6377","6882","7293","8199","8616","8867","9057","9427","9689","10012","10212","veículos",1
"1.1.12","Ônibus","Paraná","25051","26411","30396","31922","33910","35219","36912","38729","40165","41202","42287","43906","45779","46892","veículos",1
"1.1.12","Ônibus","Minas Gerais","43516","46358","52908","56297","60545","63685","67366","70618","71950","73318","75613","78114","80970","83173","veículos",1
"1.1.12","Ônibus","Mato Grosso","5044","5570","6354","7147","7968","8588","9620","10433","10838","11149","11474","11944","12582","13030","veículos",1
"1.1.12","Ônibus","Rio de Janeiro","29097","30714","34730","37174","39355","42398","44316","45613","46833","47077","45524","44803","44572","43877","veículos",1
"1.1.12","Ônibus","Rio Grande do Sul","27650","28911","29460","31060","33180","34943","36843","38269","39267","40032","40447","41351","42246","42482","veículos",1
"1.1.12","Ônibus","Distrito Federal","6100","6675","8498","8663","8719","8888","10755","11787","11959","12196","12413","12738","13305","13255","veículos",1
"1.1.12","Ônibus","Tocantins","1776","2017","2668","3178","3497","4007","4530","4894","5151","5206","5370","5490","5661","6085","veículos",1
"1.1.12","Ônibus","Sergipe","3163","3444","4026","4494","4869","5175","5785","6213","6443","6623","6878","7142","7464","7719","veículos",1
"1.1.13","Quadriciclo","Paraíba","1","1","1","1","1","1","1","1","1","1","1","1","1","1","veículos",1
"1.1.13","Quadriciclo","Roraima","0","0","0","0","0","0","0","0","0","0","0","0","0","0","veículos",1
"1.1.13","Quadriciclo","Mato Grosso do Sul","0","0","1","1","1","1","1","1","1","1","1","1","2","3","veículos",1
"1.1.13","Quadriciclo","Alagoas","1","1","1","1","1","1","1","1","1","1","1","1","1","1","veículos",1
"1.1.13","Quadriciclo","Bahia","0","0","0","0","1","1","1","1","1","1","1","1","2","3","veículos",1
"1.1.13","Quadriciclo","Amapá","0","0","0","0","0","0","0","0","0","0","0","0","0","0","veículos",1
"1.1.13","Quadriciclo","Maranhão","0","0","0","0","0","0","0","0","0","0","0","0","0","0","veículos",1
"1.1.13","Quadriciclo","São Paulo","55","55","56","57","57","57","57","56","57","58","74","80","81","86","veículos",1
"1.1.13","Quadriciclo","Tocantins","0","0","0","0","0","0","0","0","0","0","0","0","0","0","veículos",1
"1.1.13","Quadriciclo","Sergipe","0","0","0","0","0","0","0","0","0","0","0","0","0","0","veículos",1
"1.1.13","Quadriciclo","Distrito Federal","1","1","1","1","1","1","1","1","1","1","1","1","2","3","veículos",1
"1.1.13","Quadriciclo","Rio Grande do Sul","37","37","38","38","38","38","38","39","39","39","39","40","45","47","veículos",1
"1.1.13","Quadriciclo","Rio de Janeiro","8","8","8","8","9","9","9","9","9","9","9","11","12","14","veículos",1
"1.1.13","Quadriciclo","Amazonas","0","0","0","0","0","0","0","0","0","0","0","0","0","0","veículos",1
"1.1.13","Quadriciclo","Rio Grande do Norte","1","1","1","1","1","1","1","1","1","1","1","1","1","1","veículos",1
"1.1.13","Quadriciclo","Goiás","0","0","0","0","0","0","0","0","0","0","0","0","0","0","veículos",1
"1.1.13","Quadriciclo","Santa Catarina","9","10","10","10","10","10","10","11","12","13","14","14","14","14","veículos",1
"1.1.13","Quadriciclo","Pará","1","1","1","1","1","1","1","1","1","1","1","2","2","2","veículos",1
"1.1.13","Quadriciclo","Espírito Santo","2","2","2","2","2","2","2","2","2","2","2","2","2","2","veículos",1
"1.1.13","Quadriciclo","Mato Grosso","3","3","2","2","2","2","2","2","2","2","2","2","3","3","veículos",1
"1.1.13","Quadriciclo","Paraná","20","20","19","19","19","19","19","19","19","23","25","33","57","62","veículos",1
"1.1.13","Quadriciclo","Ceará","0","0","0","0","0","0","0","0","0","0","0","0","7","8","veículos",1
"1.1.13","Quadriciclo","Minas Gerais","9","10","10","10","9","9","9","9","9","9","9","9","16","13","veículos",1
"1.1.13","Quadriciclo","Piauí","0","0","0","0","0","0","0","0","0","0","0","0","0","0","veículos",1
"1.1.13","Quadriciclo","Rondônia","0","0","0","0","0","0","0","0","0","0","0","1","2","3","veículos",1
"1.1.13","Quadriciclo","Acre","0","0","0","0","0","0","0","0","0","0","0","0","0","0","veículos",1
"1.1.13","Quadriciclo","Pernambuco","1","1","1","1","1","1","1","1","1","1","1","1","2","2","veículos",1
"1.1.14","Reboque","Roraima","253","295","391","583","616","656","729","859","1002","1142","1279","1408","1639","2069","veículos",1
"1.1.14","Reboque","Pará","5181","6054","8178","9431","10990","12890","14959","17072","19203","21018","22759","24436","26613","28940","veículos",1
"1.1.14","Reboque","Mato Grosso do Sul","10287","11504","14025","15462","17142","18950","21621","24590","27107","29250","31706","34359","36955","39927","veículos",1
"1.1.14","Reboque","Alagoas","5286","5757","7009","8016","9167","10424","11713","12988","14093","15192","16233","17535","19023","20511","veículos",1
"1.1.14","Reboque","Bahia","13299","15087","18913","21305","24143","27277","30659","34674","38746","42576","46440","50628","55545","61494","veículos",1
"1.1.14","Reboque","Amapá","369","444","591","665","741","807","893","978","1057","1121","1191","1300","1416","1494","veículos",1
"1.1.14","Reboque","Maranhão","2443","2815","3644","4130","4745","5446","6326","7352","8526","9538","10577","11848","13049","14601","veículos",1
"1.1.14","Reboque","São Paulo","155200","165741","185794","198919","213908","230255","249929","269368","287870","307126","327355","349505","373336","398052","veículos",1
"1.1.14","Reboque","Paraíba","1392","1615","2169","3121","3640","4253","4838","5417","6030","6736","7339","8031","8951","10192","veículos",1
"1.1.14","Reboque","Amazonas","1382","1490","1663","1741","1835","1948","2058","2244","2490","2741","2950","3168","3386","3714","veículos",1
"1.1.14","Reboque","Sergipe","5166","5559","6672","7587","8786","10129","11657","13350","14933","16356","17665","18932","20249","21808","veículos",1
"1.1.14","Reboque","Tocantins","4062","5031","7212","8703","10444","12447","15008","17213","19518","21423","23275","25129","26967","29277","veículos",1
"1.1.14","Reboque","Distrito Federal","13066","14146","15195","15548","16000","16517","17340","18650","20307","21350","22389","23524","24867","25715","veículos",1
"1.1.14","Reboque","Rio Grande do Sul","53844","58287","69071","104289","112941","122253","132129","142698","152828","162418","171897","181302","190378","199624","veículos",1
"1.1.14","Reboque","Rio de Janeiro","23110","24664","28028","30372","33297","36535","40369","45065","50758","56908","63105","69768","75933","79928","veículos",1
"1.1.14","Reboque","Rio Grande do Norte","3458","3759","4684","5373","6188","7492","8569","9774","11026","12210","13356","14734","16095","17353","veículos",1
"1.1.14","Reboque","Paraná","50964","54818","64128","69882","77062","85455","95325","105340","114784","122636","129937","136553","142861","150473","veículos",1
"1.1.14","Reboque","Minas Gerais","63370","68724","81355","89948","100489","111899","124531","138129","151140","163779","176580","189205","202618","219518","veículos",1
"1.1.14","Reboque","Rondônia","3703","4133","5294","6169","6904","7819","8858","10204","11555","12727","13715","14917","16279","18058","veículos",1
"1.1.14","Reboque","Piauí","928","1087","1487","1777","2129","2521","3014","3610","4346","5049","5740","6444","7398","8324","veículos",1
"1.1.14","Reboque","Pernambuco","10478","11784","14503","16371","18760","21503","24296","27266","30525","33495","36164","39120","42054","45430","veículos",1
"1.1.14","Reboque","Mato Grosso","10475","11509","13871","15326","17093","19378","22219","25373","28071","30732","33491","37602","42892","48454","veículos",1
"1.1.14","Reboque","Goiás","37420","43189","59252","72754","86450","101639","117724","132998","145444","155150","163544","171907","182414","198462","veículos",1
"1.1.14","Reboque","Santa Catarina","28636","31141","36867","41667","46256","52152","59833","68590","77463","86243","95637","105377","115739","127893","veículos",1
"1.1.14","Reboque","Ceará","10307","11719","14939","17026","19230","22001","24737","27484","30351","32664","34665","36765","39111","41206","veículos",1
"1.1.14","Reboque","Acre","793","859","1053","1171","1288","1475","1771","2088","2430","2747","3006","3264","3560","3946","veículos",1
"1.1.14","Reboque","Espírito Santo","11004","12133","13980","15085","16264","17674","19501","21868","24581","26971","29224","31317","33562","36191","veículos",1
"1.1.15","Semi-reboque","Pará","5465","6169","7431","8314","9244","10216","11240","12408","13267","14006","14822","15718","17161","18597","veículos",1
"1.1.15","Semi-reboque","Mato Grosso do Sul","10193","11639","14181","15646","17295","18912","21427","23256","24666","25709","27635","29836","31878","34714","veículos",1
"1.1.15","Semi-reboque","Pernambuco","7380","8839","10963","12097","13617","14966","16350","17558","18386","18898","19298","19788","21055","21743","veículos",1
"1.1.15","Semi-reboque","Alagoas","2372","2625","3275","3553","4071","4654","5236","5757","6300","6853","7234","7269","7410","7637","veículos",1
"1.1.15","Semi-reboque","Bahia","10673","12619","16586","19163","21785","24187","27187","29127","31063","32085","33241","35654","37736","40413","veículos",1
"1.1.15","Semi-reboque","Amapá","341","360","423","445","491","619","710","881","944","978","1022","1126","1266","1309","veículos",1
"1.1.15","Semi-reboque","Maranhão","1099","1182","1612","2072","2691","3384","4040","5211","5996","6477","6936","7806","9085","10046","veículos",1
"1.1.15","Semi-reboque","São Paulo","117312","128867","153620","169719","186245","199769","215771","227255","232605","236654","241703","249985","261226","273557","veículos",1
"1.1.15","Semi-reboque","Paraíba","1963","2120","2441","2267","2642","3095","3423","3835","4193","4405","4544","4608","4887","5137","veículos",1
"1.1.15","Semi-reboque","Roraima","567","617","724","651","711","781","858","931","1047","1151","1260","1316","1520","1941","veículos",1
"1.1.15","Semi-reboque","Mato Grosso","20046","21849","27488","29769","33198","37818","44528","49011","50740","52374","54201","59048","66107","72264","veículos",1
"1.1.15","Semi-reboque","Paraná","67470","72902","86239","93838","101289","106880","116546","122949","126364","129003","130633","132834","137545","143372","veículos",1
"1.1.15","Semi-reboque","Minas Gerais","36127","39561","47234","53003","58376","62889","67853","72819","75741","79071","82547","87873","94396","101031","veículos",1
"1.1.15","Semi-reboque","Distrito Federal","1871","2015","2475","2694","2847","3034","3367","3625","3867","3995","4005","4214","4588","4873","veículos",1
"1.1.15","Semi-reboque","Rio Grande do Sul","68584","71247","77511","52809","56111","59175","64156","67879","69870","71232","72865","75119","78310","81020","veículos",1
"1.1.15","Semi-reboque","Rio de Janeiro","10730","11441","13240","14380","16004","17311","18384","19301","20037","20528","20924","21504","21862","22212","veículos",1
"1.1.15","Semi-reboque","Amazonas","7844","8591","9576","10021","10568","11226","11649","12123","12366","12542","12531","12698","13089","13601","veículos",1
"1.1.15","Semi-reboque","Rio Grande do Norte","1631","1898","2356","2592","3073","3893","4555","5259","5885","6464","6964","7407","7957","8394","veículos",1
"1.1.15","Semi-reboque","Tocantins","2002","2411","3721","3876","4076","4592","5236","6144","6554","6573","6722","7195","8081","9427","veículos",1
"1.1.15","Semi-reboque","Sergipe","1044","1143","1479","1733","1988","2227","2502","2829","3059","3187","3329","3401","3592","3819","veículos",1
"1.1.15","Semi-reboque","Goiás","21479","23213","28570","29819","33313","35897","39594","43321","44790","45745","46753","49029","51801","55470","veículos",1
"1.1.15","Semi-reboque","Santa Catarina","37865","41071","46596","49679","53139","55985","60852","64631","65976","66446","67384","70300","75643","81080","veículos",1
"1.1.15","Semi-reboque","Espírito Santo","11656","13517","16100","17614","19368","21076","22191","23062","23635","24379","24826","25664","26521","27620","veículos",1
"1.1.15","Semi-reboque","Ceará","4394","4911","5980","6739","7650","8430","9068","9896","10659","11480","12261","12990","14026","15040","veículos",1
"1.1.15","Semi-reboque","Acre","374","415","590","672","761","837","896","1064","1170","1277","1326","1434","1582","1771","veículos",1
"1.1.15","Semi-reboque","Piauí","1208","1292","1546","1718","1920","2293","2751","3227","3423","3672","3848","4075","4679","5285","veículos",1
"1.1.15","Semi-reboque","Rondônia","4308","4940","6370","7157","7836","8426","9244","10045","10503","11170","11690","12461","13347","14172","veículos",1
"1.1.16","Sidecar","Mato Grosso","98","120","134","136","136","136","136","136","136","136","136","136","136","136","veículos",1
"1.1.16","Sidecar","Alagoas","46","50","49","49","49","49","49","49","49","49","49","49","49","49","veículos",1
"1.1.16","Sidecar","Amapá","36","42","48","48","50","50","50","50","50","50","50","50","50","50","veículos",1
"1.1.16","Sidecar","Goiás","76","119","135","136","137","137","138","141","140","140","140","140","140","140","veículos",1
"1.1.16","Sidecar","Santa Catarina","548","635","671","667","675","675","674","673","680","683","683","682","682","683","veículos",1
"1.1.16","Sidecar","Mato Grosso do Sul","141","157","168","171","172","172","173","173","173","173","172","173","173","173","veículos",1
"1.1.16","Sidecar","Espírito Santo","98","128","133","133","133","133","132","132","132","132","132","132","132","132","veículos",1
"1.1.16","Sidecar","Bahia","533","593","648","649","667","667","667","667","667","667","667","667","667","667","veículos",1
"1.1.16","Sidecar","Ceará","267","311","339","333","333","334","334","334","333","333","333","333","333","333","veículos",1
"1.1.16","Sidecar","Acre","36","54","60","60","60","60","60","60","60","60","60","60","60","60","veículos",1
"1.1.16","Sidecar","Pernambuco","99","126","143","143","143","142","142","142","142","142","142","142","142","142","veículos",1
"1.1.16","Sidecar","Pará","70","126","151","153","155","160","161","161","163","163","163","163","163","166","veículos",1
"1.1.16","Sidecar","Paraná","405","518","579","581","597","598","599","599","598","596","596","596","596","597","veículos",1
"1.1.16","Sidecar","Minas Gerais","1055","1294","1397","1400","1407","1411","1412","1413","1416","1417","1420","1421","1422","1422","veículos",1
"1.1.16","Sidecar","Piauí","141","182","196","200","201","201","201","201","201","201","201","201","200","200","veículos",1
"1.1.16","Sidecar","Rondônia","23","34","40","40","40","40","40","40","40","40","40","40","40","40","veículos",1
"1.1.16","Sidecar","Tocantins","103","108","108","108","110","112","112","112","112","112","112","112","112","112","veículos",1
"1.1.16","Sidecar","Sergipe","42","42","42","42","42","42","42","42","42","42","42","42","42","42","veículos",1
"1.1.16","Sidecar","Distrito Federal","556","663","712","711","711","711","711","710","711","711","712","712","712","712","veículos",1
"1.1.16","Sidecar","Rio Grande do Sul","322","389","422","422","421","422","422","423","423","425","425","425","426","435","veículos",1
"1.1.16","Sidecar","Rio de Janeiro","149","205","208","204","203","203","203","203","204","204","204","204","203","203","veículos",1
"1.1.16","Sidecar","Maranhão","30","33","36","36","38","38","38","38","38","38","38","38","39","39","veículos",1
"1.1.16","Sidecar","Amazonas","7","7","7","7","7","7","7","7","7","7","7","7","7","7","veículos",1
"1.1.16","Sidecar","Rio Grande do Norte","48","53","57","57","57","57","57","57","57","57","57","57","57","57","veículos",1
"1.1.16","Sidecar","São Paulo","1648","1805","1890","1900","1915","1916","1917","1915","1913","1914","1911","1911","1911","1913","veículos",1
"1.1.16","Sidecar","Paraíba","23","28","28","28","28","28","28","28","28","28","28","28","28","28","veículos",1
"1.1.16","Sidecar","Roraima","0","3","4","4","4","4","4","4","4","4","4","4","4","4","veículos",1
"1.1.17","Trator de esteira","Tocantins","0","0","0","0","0","0","0","0","0","0","0","0","0","0","veículos",1
"1.1.17","Trator de esteira","Sergipe","2","2","2","2","2","2","1","1","1","1","1","1","1","1","veículos",1
"1.1.17","Trator de esteira","Distrito Federal","1","1","1","4","6","6","6","6","6","7","7","7","6","6","veículos",1
"1.1.17","Trator de esteira","Mato Grosso","0","0","0","0","1","2","2","2","2","2","3","4","4","6","veículos",1
"1.1.17","Trator de esteira","Rio Grande do Sul","10","11","13","36","43","35","38","38","38","38","38","38","38","38","veículos",1
"1.1.17","Trator de esteira","Paraná","7","7","8","8","10","11","11","12","13","13","13","13","14","14","veículos",1
"1.1.17","Trator de esteira","Rio de Janeiro","1","1","1","1","1","1","1","1","1","1","1","1","1","1","veículos",1
"1.1.17","Trator de esteira","Amazonas","0","0","0","0","0","0","0","0","0","0","0","0","0","0","veículos",1
"1.1.17","Trator de esteira","Rio Grande do Norte","0","0","0","0","0","0","0","0","0","0","0","0","0","0","veículos",1
"1.1.17","Trator de esteira","Pará","0","0","0","0","0","1","0","0","0","0","0","0","1","1","veículos",1
"1.1.17","Trator de esteira","Minas Gerais","11","19","29","33","36","46","45","47","46","47","47","47","48","48","veículos",1
"1.1.17","Trator de esteira","Piauí","0","0","0","0","0","0","0","0","0","0","0","0","0","0","veículos",1
"1.1.17","Trator de esteira","Rondônia","1","1","1","1","1","1","1","1","1","1","1","1","1","1","veículos",1
"1.1.17","Trator de esteira","Pernambuco","0","0","0","0","0","0","0","0","0","0","0","0","0","0","veículos",1
"1.1.17","Trator de esteira","Santa Catarina","8","8","8","9","7","13","14","13","13","13","13","13","14","14","veículos",1
"1.1.17","Trator de esteira","Goiás","2","2","2","2","2","3","4","4","4","3","3","3","4","4","veículos",1
"1.1.17","Trator de esteira","Amapá","0","0","0","0","0","0","0","0","0","0","0","0","0","0","veículos",1
"1.1.17","Trator de esteira","Espírito Santo","3","7","9","9","13","21","20","18","18","17","16","15","15","15","veículos",1
"1.1.17","Trator de esteira","Ceará","0","0","0","0","0","0","0","0","0","0","0","0","0","0","veículos",1
"1.1.17","Trator de esteira","Acre","0","0","0","0","0","0","0","0","0","0","0","0","0","0","veículos",1
"1.1.17","Trator de esteira","Alagoas","0","0","0","0","0","0","0","0","0","0","0","0","0","0","veículos",1
"1.1.17","Trator de esteira","Mato Grosso do Sul","0","0","0","0","2","2","4","4","4","4","4","4","4","4","veículos",1
"1.1.17","Trator de esteira","Bahia","1","1","0","0","0","1","3","3","3","3","3","3","3","3","veículos",1
"1.1.17","Trator de esteira","Maranhão","0","0","0","0","0","0","0","0","0","0","0","0","0","0","veículos",1
"1.1.17","Trator de esteira","São Paulo","31","34","41","50","55","58","58","58","58","58","58","58","57","55","veículos",1
"1.1.17","Trator de esteira","Roraima","0","0","0","0","0","0","0","0","0","0","0","0","0","0","veículos",1
"1.1.17","Trator de esteira","Paraíba","0","0","0","0","0","0","0","0","0","0","0","0","0","0","veículos",1
"1.1.18","Trator de rodas","Roraima","2","2","2","2","2","2","2","2","2","2","2","3","4","4","veículos",1
"1.1.18","Trator de rodas","Mato Grosso do Sul","78","80","119","133","149","180","190","210","207","213","218","225","237","250","veículos",1
"1.1.18","Trator de rodas","Paraíba","22","24","24","28","28","30","31","31","41","44","44","44","44","42","veículos",1
"1.1.18","Trator de rodas","São Paulo","4914","5329","6812","7847","8922","9511","9882","10213","10500","10695","10824","10972","11347","11664","veículos",1
"1.1.18","Trator de rodas","Pernambuco","58","72","118","179","220","252","285","298","310","314","322","314","314","313","veículos",1
"1.1.18","Trator de rodas","Pará","18","22","26","30","27","38","62","96","113","119","112","117","127","131","veículos",1
"1.1.18","Trator de rodas","Piauí","10","11","12","13","13","15","17","73","75","75","76","79","79","79","veículos",1
"1.1.18","Trator de rodas","Maranhão","16","20","22","26","34","53","56","61","66","65","66","67","69","69","veículos",1
"1.1.18","Trator de rodas","Rondônia","5","6","14","18","20","29","36","38","40","43","43","45","45","47","veículos",1
"1.1.18","Trator de rodas","Alagoas","7","7","7","7","7","9","15","15","17","17","17","18","18","19","veículos",1
"1.1.18","Trator de rodas","Ceará","31","52","125","131","138","193","218","228","241","248","247","240","238","235","veículos",1
"1.1.18","Trator de rodas","Acre","1","1","1","1","2","2","2","1","2","2","2","2","3","4","veículos",1
"1.1.18","Trator de rodas","Santa Catarina","1389","1596","1970","2275","2583","2835","2882","2939","2996","3021","3056","3128","3270","3407","veículos",1
"1.1.18","Trator de rodas","Espírito Santo","488","634","1078","1380","1634","1897","2013","2084","2126","2147","2174","2224","2257","2313","veículos",1
"1.1.18","Trator de rodas","Goiás","29","36","68","97","121","158","185","224","241","243","251","250","246","258","veículos",1
"1.1.18","Trator de rodas","Amapá","3","4","4","5","5","5","4","5","5","7","7","7","9","9","veículos",1
"1.1.18","Trator de rodas","Paraná","1010","1129","1360","1465","1593","1676","1776","1833","1867","1891","1919","1976","2055","2117","veículos",1
"1.1.18","Trator de rodas","Minas Gerais","896","990","1225","1404","1633","1843","1931","2001","2052","2078","2164","2212","2278","2349","veículos",1
"1.1.18","Trator de rodas","Mato Grosso","5","7","17","17","38","47","66","82","90","98","100","102","113","128","veículos",1
"1.1.18","Trator de rodas","Bahia","72","82","119","128","148","167","196","219","239","249","245","246","251","268","veículos",1
"1.1.18","Trator de rodas","Amazonas","36","37","47","50","53","53","60","68","69","74","76","79","81","83","veículos",1
"1.1.18","Trator de rodas","Rio Grande do Norte","76","81","92","96","105","112","112","125","129","131","133","136","133","135","veículos",1
"1.1.18","Trator de rodas","Rio de Janeiro","424","446","499","542","598","643","666","686","687","685","688","689","703","708","veículos",1
"1.1.18","Trator de rodas","Rio Grande do Sul","3171","3496","4387","5175","5923","6561","6945","7245","7505","7675","7812","8006","8285","8490","veículos",1
"1.1.18","Trator de rodas","Distrito Federal","395","409","459","503","535","575","582","583","591","596","598","596","592","591","veículos",1
"1.1.18","Trator de rodas","Tocantins","6","13","14","29","30","33","34","35","32","32","32","34","37","40","veículos",1
"1.1.18","Trator de rodas","Sergipe","65","70","90","98","105","107","115","121","129","132","135","137","138","141","veículos",1
"1.1.19","Triciclo","Tocantins","13","14","31","42","68","81","86","89","102","119","128","130","142","151","veículos",1
"1.1.19","Triciclo","Sergipe","9","13","97","158","222","271","302","319","351","393","430","448","461","474","veículos",1
"1.1.19","Triciclo","Goiás","108","130","245","296","381","503","603","691","836","937","993","1031","1074","1097","veículos",1
"1.1.19","Triciclo","Santa Catarina","94","115","204","316","400","470","539","586","630","666","708","797","848","879","veículos",1
"1.1.19","Triciclo","Bahia","91","101","283","650","1122","1437","1644","1794","1940","2100","2282","2450","2569","2661","veículos",1
"1.1.19","Triciclo","Espírito Santo","69","76","284","566","725","906","1041","1183","1331","1490","1596","1733","1909","2135","veículos",1
"1.1.19","Triciclo","Ceará","48","49","181","401","674","844","1010","1120","1296","1395","1438","1471","1511","1551","veículos",1
"1.1.19","Triciclo","Acre","3","5","9","57","83","105","118","131","149","162","168","171","172","174","veículos",1
"1.1.19","Triciclo","Alagoas","8","11","61","91","127","153","182","197","215","223","226","247","251","261","veículos",1
"1.1.19","Triciclo","Amapá","6","8","25","60","103","148","177","211","268","319","341","365","391","406","veículos",1
"1.1.19","Triciclo","Distrito Federal","60","84","138","233","279","327","381","410","487","543","587","603","622","644","veículos",1
"1.1.19","Triciclo","Rio Grande do Sul","149","238","354","451","589","726","824","891","936","1008","1070","1125","1204","1232","veículos",1
"1.1.19","Triciclo","Rio de Janeiro","92","118","514","716","994","1215","1458","1699","1898","2054","2179","2353","2479","2540","veículos",1
"1.1.19","Triciclo","Rio Grande do Norte","35","49","122","203","298","373","433","456","497","509","526","545","559","570","veículos",1
"1.1.19","Triciclo","Amazonas","37","35","64","107","354","602","884","1207","1382","1482","1533","1628","1730","1865","veículos",1
"1.1.19","Triciclo","Minas Gerais","198","310","836","1399","2278","3025","3577","4068","4493","4883","5124","5383","5940","6155","veículos",1
"1.1.19","Triciclo","Rondônia","17","19","36","105","176","206","222","253","284","311","320","333","338","346","veículos",1
"1.1.19","Triciclo","Piauí","8","8","105","304","410","578","748","903","996","1047","1106","1139","1189","1209","veículos",1
"1.1.19","Triciclo","Pará","29","31","147","279","498","721","963","1121","1289","1424","1518","1650","1762","1928","veículos",1
"1.1.19","Triciclo","Pernambuco","74","128","319","452","657","808","956","1083","1230","1312","1410","1491","1535","1567","veículos",1
"1.1.19","Triciclo","Mato Grosso","80","78","143","310","493","626","782","835","857","877","914","956","988","1011","veículos",1
"1.1.19","Triciclo","Paraná","225","323","681","868","1024","1309","1522","1654","1767","1873","1968","2062","2132","2207","veículos",1
"1.1.19","Triciclo","Maranhão","10","11","66","135","201","245","276","301","332","376","391","416","431","448","veículos",1
"1.1.19","Triciclo","São Paulo","767","818","1250","1696","2181","2762","3172","3539","3993","4476","4861","5277","5664","6013","veículos",1
"1.1.19","Triciclo","Paraíba","12","24","80","128","199","247","285","311","349","373","387","403","431","449","veículos",1
"1.1.19","Triciclo","Roraima","4","4","6","7","28","38","48","56","62","67","66","69","71","73","veículos",1
"1.1.19","Triciclo","Mato Grosso do Sul","59","81","136","228","274","326","382","410","447","484","499","519","531","549","veículos",1
"1.1.20","Utilitário","Mato Grosso do Sul","1119","1589","3121","3834","4863","5875","6974","8223","9473","10584","11979","13343","14722","16412","veículos",1
"1.1.20","Utilitário","Roraima","69","149","310","464","628","739","841","960","1049","1126","1225","1327","1411","1522","veículos",1
"1.1.20","Utilitário","São Paulo","21088","33988","66822","83228","106796","128127","152404","178842","202566","225204","253021","283924","323469","361032","veículos",1
"1.1.20","Utilitário","Pernambuco","2264","3068","5469","6707","8391","10065","11985","13947","15747","17178","19150","21081","23664","26405","veículos",1
"1.1.20","Utilitário","Pará","1339","2228","4439","5443","6727","7988","9263","10474","11450","12237","13029","13823","14706","16300","veículos",1
"1.1.20","Utilitário","Paraíba","730","1164","2476","3212","4053","4790","5642","6622","7492","8482","9692","11198","12793","14602","veículos",1
"1.1.20","Utilitário","Rondônia","267","421","959","1288","1594","1885","2206","2528","2760","3084","3426","3938","4514","5169","veículos",1
"1.1.20","Utilitário","Amapá","111","180","364","458","553","674","716","767","832","848","935","1011","1065","1108","veículos",1
"1.1.20","Utilitário","Alagoas","702","1132","1806","2193","2727","3158","3643","4262","4789","5116","5561","6148","6908","7760","veículos",1
"1.1.20","Utilitário","Acre","102","174","399","534","642","741","850","977","1054","1134","1230","1302","1386","1491","veículos",1
"1.1.20","Utilitário","Ceará","4210","5943","10322","12813","15527","17918","20204","23077","25433","27735","30591","33705","36778","40733","veículos",1
"1.1.20","Utilitário","Espírito Santo","1676","2732","5358","6313","7319","8654","10475","12426","14177","16069","17846","19775","21876","24402","veículos",1
"1.1.20","Utilitário","Santa Catarina","4699","7003","12959","16191","20462","24395","28995","34253","40155","46318","54329","63734","74709","87571","veículos",1
"1.1.20","Utilitário","Goiás","2153","3510","7124","8313","10288","12139","14278","17148","19545","21409","23756","26427","30883","35904","veículos",1
"1.1.20","Utilitário","Minas Gerais","4175","6994","15079","19363","25248","31292","37732","44750","51271","58067","66429","74814","85793","96235","veículos",1
"1.1.20","Utilitário","Maranhão","678","955","2045","3165","4283","5210","6049","6779","7608","8469","9478","10564","11353","12495","veículos",1
"1.1.20","Utilitário","Bahia","2125","3657","7579","9807","12515","14909","17430","20225","22721","24919","27586","30491","34295","37756","veículos",1
"1.1.20","Utilitário","Piauí","534","748","1374","1718","2279","2807","3437","4264","5066","5836","6674","7558","8415","9161","veículos",1
"1.1.20","Utilitário","Distrito Federal","2284","3979","7970","9810","11949","14082","16482","18863","21121","23290","25514","28361","31528","34288","veículos",1
"1.1.20","Utilitário","Mato Grosso","1407","2109","4091","4936","6160","7286","8532","9995","11302","12760","14252","15986","17885","20280","veículos",1
"1.1.20","Utilitário","Paraná","4972","7753","15030","18504","23472","27951","33480","39439","44081","49048","55281","62484","71198","80122","veículos",1
"1.1.20","Utilitário","Rio Grande do Norte","1447","2330","4628","5938","7408","8663","9987","11489","12703","13746","15180","16878","19136","21272","veículos",1
"1.1.20","Utilitário","Amazonas","767","1103","2030","2465","3041","3770","4233","4630","4775","4836","5021","5287","5623","5877","veículos",1
"1.1.20","Utilitário","Rio Grande do Sul","5586","8559","15839","19101","23343","27500","32431","38091","43365","48525","55004","62704","71864","80973","veículos",1
"1.1.20","Utilitário","Rio de Janeiro","5969","8985","16758","20744","26855","32713","38667","44963","50219","54215","57866","62581","69827","75551","veículos",1
"1.1.20","Utilitário","Tocantins","261","429","842","1115","1514","1796","2143","2470","2736","2998","3378","3777","4309","4882","veículos",1
"1.1.20","Utilitário","Sergipe","405","642","1222","1560","2110","2558","2948","3397","3721","3919","4330","4821","5425","6148","veículos",1
"1.1.21","Outros","Mato Grosso do Sul","78","67","86","94","98","114","126","140","152","172","192","208","223","259","veículos",1
"1.1.21","Outros","São Paulo","462","336","613","837","1001","1154","1366","1623","1930","2093","2224","2449","2598","2736","veículos",1
"1.1.21","Outros","Mato Grosso","40","38","39","48","51","56","67","101","110","123","131","149","174","211","veículos",1
"1.1.21","Outros","Pernambuco","93","77","69","68","75","78","85","96","99","104","108","113","119","135","veículos",1
"1.1.21","Outros","Sergipe","25","25","25","23","23","26","29","29","65","68","70","77","83","88","veículos",1
"1.1.21","Outros","Roraima","7","5","2","2","2","5","5","9","9","14","14","14","17","19","veículos",1
"1.1.21","Outros","Pará","31","21","24","23","29","76","83","96","119","146","211","165","155","150","veículos",1
"1.1.21","Outros","Tocantins","4","3","4","10","15","17","18","35","39","39","43","49","53","58","veículos",1
"1.1.21","Outros","Paraíba","27","26","27","26","31","32","34","37","49","53","52","56","59","74","veículos",1
"1.1.21","Outros","Rio Grande do Norte","29","28","26","29","30","39","41","38","39","46","54","86","111","136","veículos",1
"1.1.21","Outros","Amazonas","75","68","67","69","69","74","73","73","77","80","79","79","79","81","veículos",1
"1.1.21","Outros","Maranhão","30","24","25","30","32","34","36","43","48","52","55","58","64","68","veículos",1
"1.1.21","Outros","Alagoas","19","18","15","19","21","25","26","28","45","46","47","50","54","60","veículos",1
"1.1.21","Outros","Amapá","1","0","0","2","2","4","7","9","15","15","16","18","18","18","veículos",1
"1.1.21","Outros","Ceará","108","93","90","88","91","90","95","110","114","125","130","172","182","198","veículos",1
"1.1.21","Outros","Acre","2","1","2","4","7","7","8","17","19","22","24","25","26","30","veículos",1
"1.1.21","Outros","Espírito Santo","65","59","88","111","125","143","154","174","192","229","246","266","350","410","veículos",1
"1.1.21","Outros","Goiás","182","151","159","162","169","191","204","216","224","241","247","258","278","324","veículos",1
"1.1.21","Outros","Santa Catarina","317","266","700","891","1048","1214","1423","1594","1815","2023","2295","2675","3196","3754","veículos",1
"1.1.21","Outros","Rondônia","5","3","3","6","14","18","20","27","34","40","47","53","56","61","veículos",1
"1.1.21","Outros","Bahia","114","108","122","122","111","118","129","147","165","201","273","338","332","336","veículos",1
"1.1.21","Outros","Piauí","17","16","21","23","26","30","30","33","42","48","48","49","50","55","veículos",1
"1.1.21","Outros","Paraná","110","77","296","424","513","601","699","780","874","954","1053","1154","1260","1444","veículos",1
"1.1.21","Outros","Minas Gerais","930","883","861","878","896","931","988","1042","1104","1271","1289","1364","1505","1664","veículos",1
"1.1.21","Outros","Rio Grande do Sul","80","12","3189","3273","3386","3561","3722","3895","4091","4240","4355","4472","5043","5938","veículos",1
"1.1.21","Outros","Rio de Janeiro","622","483","451","452","401","409","410","436","463","486","514","540","567","599","veículos",1
"1.1.21","Outros","Distrito Federal","126","95","112","118","98","106","228","173","165","178","191","198","212","233","veículos",1


Fonte: Ministério da Infraestrutura, Departamento Nacional de Trânsito - DENATRAN - 2020
